variant,run,mode,batch,minimum_ns
before,0,ppc_exec,1,80291
before,0,ppc_exec,2,103250
before,0,ppc_exec,3,89875
before,0,ppc_exec,4,86125
before,0,ppc_exec,5,82375
before,0,ppc_exec_until,1,80334
before,0,ppc_exec_until,2,80250
before,0,ppc_exec_until,3,80375
before,0,ppc_exec_until,4,80375
before,0,ppc_exec_until,5,80333
after,0,ppc_exec,1,58709
after,0,ppc_exec,2,58500
after,0,ppc_exec,3,71458
after,0,ppc_exec,4,68333
after,0,ppc_exec,5,63041
after,0,ppc_exec_until,1,61208
after,0,ppc_exec_until,2,58708
after,0,ppc_exec_until,3,58458
after,0,ppc_exec_until,4,58458
after,0,ppc_exec_until,5,58458
after,1,ppc_exec,1,58666
after,1,ppc_exec,2,58625
after,1,ppc_exec,3,58625
after,1,ppc_exec,4,58666
after,1,ppc_exec,5,58708
after,1,ppc_exec_until,1,58542
after,1,ppc_exec_until,2,58458
after,1,ppc_exec_until,3,58416
after,1,ppc_exec_until,4,58458
after,1,ppc_exec_until,5,58458
before,1,ppc_exec,1,80041
before,1,ppc_exec,2,80125
before,1,ppc_exec,3,80125
before,1,ppc_exec,4,80042
before,1,ppc_exec,5,80041
before,1,ppc_exec_until,1,80083
before,1,ppc_exec_until,2,80167
before,1,ppc_exec_until,3,80083
before,1,ppc_exec_until,4,80125
before,1,ppc_exec_until,5,80125
before,2,ppc_exec,1,80041
before,2,ppc_exec,2,80042
before,2,ppc_exec,3,80125
before,2,ppc_exec,4,80084
before,2,ppc_exec,5,80083
before,2,ppc_exec_until,1,80208
before,2,ppc_exec_until,2,80541
before,2,ppc_exec_until,3,80458
before,2,ppc_exec_until,4,80458
before,2,ppc_exec_until,5,80375
after,2,ppc_exec,1,58666
after,2,ppc_exec,2,58625
after,2,ppc_exec,3,58625
after,2,ppc_exec,4,58583
after,2,ppc_exec,5,58583
after,2,ppc_exec_until,1,58583
after,2,ppc_exec_until,2,58500
after,2,ppc_exec_until,3,58541
after,2,ppc_exec_until,4,58458
after,2,ppc_exec_until,5,58458
after,3,ppc_exec,1,58583
after,3,ppc_exec,2,58542
after,3,ppc_exec,3,58542
after,3,ppc_exec,4,58625
after,3,ppc_exec,5,58500
after,3,ppc_exec_until,1,58500
after,3,ppc_exec_until,2,58500
after,3,ppc_exec_until,3,58500
after,3,ppc_exec_until,4,58459
after,3,ppc_exec_until,5,58458
before,3,ppc_exec,1,80208
before,3,ppc_exec,2,80250
before,3,ppc_exec,3,80250
before,3,ppc_exec,4,80166
before,3,ppc_exec,5,80209
before,3,ppc_exec_until,1,80292
before,3,ppc_exec_until,2,80209
before,3,ppc_exec_until,3,80208
before,3,ppc_exec_until,4,80250
before,3,ppc_exec_until,5,80167
before,4,ppc_exec,1,80125
before,4,ppc_exec,2,80042
before,4,ppc_exec,3,80125
before,4,ppc_exec,4,80084
before,4,ppc_exec,5,80125
before,4,ppc_exec_until,1,80250
before,4,ppc_exec_until,2,80291
before,4,ppc_exec_until,3,80291
before,4,ppc_exec_until,4,80375
before,4,ppc_exec_until,5,80292
after,4,ppc_exec,1,58667
after,4,ppc_exec,2,58583
after,4,ppc_exec,3,58584
after,4,ppc_exec,4,58709
after,4,ppc_exec,5,58625
after,4,ppc_exec_until,1,58625
after,4,ppc_exec_until,2,58583
after,4,ppc_exec_until,3,58833
after,4,ppc_exec_until,4,58583
after,4,ppc_exec_until,5,58584
after,5,ppc_exec,1,58625
after,5,ppc_exec,2,58666
after,5,ppc_exec,3,58666
after,5,ppc_exec,4,58458
after,5,ppc_exec,5,58459
after,5,ppc_exec_until,1,58458
after,5,ppc_exec_until,2,58500
after,5,ppc_exec_until,3,58583
after,5,ppc_exec_until,4,58500
after,5,ppc_exec_until,5,58666
before,5,ppc_exec,1,80292
before,5,ppc_exec,2,80250
before,5,ppc_exec,3,80291
before,5,ppc_exec,4,80250
before,5,ppc_exec,5,80250
before,5,ppc_exec_until,1,80125
before,5,ppc_exec_until,2,80125
before,5,ppc_exec_until,3,80334
before,5,ppc_exec_until,4,80250
before,5,ppc_exec_until,5,80292
before,6,ppc_exec,1,83750
before,6,ppc_exec,2,80292
before,6,ppc_exec,3,80458
before,6,ppc_exec,4,80208
before,6,ppc_exec,5,80292
before,6,ppc_exec_until,1,80250
before,6,ppc_exec_until,2,80250
before,6,ppc_exec_until,3,80250
before,6,ppc_exec_until,4,80250
before,6,ppc_exec_until,5,80250
after,6,ppc_exec,1,58583
after,6,ppc_exec,2,58625
after,6,ppc_exec,3,58625
after,6,ppc_exec,4,58583
after,6,ppc_exec,5,58584
after,6,ppc_exec_until,1,58459
after,6,ppc_exec_until,2,58458
after,6,ppc_exec_until,3,58500
after,6,ppc_exec_until,4,58459
after,6,ppc_exec_until,5,58416
after,7,ppc_exec,1,58666
after,7,ppc_exec,2,58500
after,7,ppc_exec,3,58500
after,7,ppc_exec,4,58541
after,7,ppc_exec,5,58458
after,7,ppc_exec_until,1,58583
after,7,ppc_exec_until,2,58584
after,7,ppc_exec_until,3,58667
after,7,ppc_exec_until,4,58667
after,7,ppc_exec_until,5,58708
before,7,ppc_exec,1,80250
before,7,ppc_exec,2,80250
before,7,ppc_exec,3,80292
before,7,ppc_exec,4,80333
before,7,ppc_exec,5,80333
before,7,ppc_exec_until,1,80208
before,7,ppc_exec_until,2,80375
before,7,ppc_exec_until,3,80459
before,7,ppc_exec_until,4,80416
before,7,ppc_exec_until,5,80458
before,8,ppc_exec,1,80208
before,8,ppc_exec,2,80500
before,8,ppc_exec,3,80084
before,8,ppc_exec,4,80167
before,8,ppc_exec,5,80083
before,8,ppc_exec_until,1,80375
before,8,ppc_exec_until,2,80375
before,8,ppc_exec_until,3,80250
before,8,ppc_exec_until,4,80333
before,8,ppc_exec_until,5,80375
after,8,ppc_exec,1,58666
after,8,ppc_exec,2,58791
after,8,ppc_exec,3,58666
after,8,ppc_exec,4,58667
after,8,ppc_exec,5,58583
after,8,ppc_exec_until,1,58625
after,8,ppc_exec_until,2,58583
after,8,ppc_exec_until,3,58833
after,8,ppc_exec_until,4,58833
after,8,ppc_exec_until,5,58833
after,9,ppc_exec,1,58708
after,9,ppc_exec,2,58666
after,9,ppc_exec,3,58500
after,9,ppc_exec,4,58459
after,9,ppc_exec,5,58583
after,9,ppc_exec_until,1,58666
after,9,ppc_exec_until,2,58666
after,9,ppc_exec_until,3,58458
after,9,ppc_exec_until,4,58458
after,9,ppc_exec_until,5,58666
before,9,ppc_exec,1,80167
before,9,ppc_exec,2,80208
before,9,ppc_exec,3,80250
before,9,ppc_exec,4,80250
before,9,ppc_exec,5,80291
before,9,ppc_exec_until,1,80208
before,9,ppc_exec_until,2,80125
before,9,ppc_exec_until,3,80166
before,9,ppc_exec_until,4,80208
before,9,ppc_exec_until,5,80250
before,10,ppc_exec,1,80250
before,10,ppc_exec,2,80375
before,10,ppc_exec,3,80291
before,10,ppc_exec,4,80292
before,10,ppc_exec,5,80209
before,10,ppc_exec_until,1,80333
before,10,ppc_exec_until,2,80292
before,10,ppc_exec_until,3,80417
before,10,ppc_exec_until,4,80416
before,10,ppc_exec_until,5,80458
after,10,ppc_exec,1,58458
after,10,ppc_exec,2,58458
after,10,ppc_exec,3,58500
after,10,ppc_exec,4,58500
after,10,ppc_exec,5,58459
after,10,ppc_exec_until,1,58625
after,10,ppc_exec_until,2,58500
after,10,ppc_exec_until,3,58500
after,10,ppc_exec_until,4,58459
after,10,ppc_exec_until,5,58458
after,11,ppc_exec,1,58459
after,11,ppc_exec,2,58458
after,11,ppc_exec,3,58459
after,11,ppc_exec,4,58500
after,11,ppc_exec,5,58500
after,11,ppc_exec_until,1,58458
after,11,ppc_exec_until,2,58458
after,11,ppc_exec_until,3,58458
after,11,ppc_exec_until,4,58458
after,11,ppc_exec_until,5,58459
before,11,ppc_exec,1,80166
before,11,ppc_exec,2,80125
before,11,ppc_exec,3,80167
before,11,ppc_exec,4,80208
before,11,ppc_exec,5,80166
before,11,ppc_exec_until,1,80166
before,11,ppc_exec_until,2,80250
before,11,ppc_exec_until,3,80333
before,11,ppc_exec_until,4,80333
before,11,ppc_exec_until,5,80292
before,12,ppc_exec,1,80166
before,12,ppc_exec,2,80166
before,12,ppc_exec,3,80166
before,12,ppc_exec,4,80125
before,12,ppc_exec,5,80083
before,12,ppc_exec_until,1,80333
before,12,ppc_exec_until,2,80250
before,12,ppc_exec_until,3,80333
before,12,ppc_exec_until,4,80209
before,12,ppc_exec_until,5,80291
after,12,ppc_exec,1,58667
after,12,ppc_exec,2,58666
after,12,ppc_exec,3,58667
after,12,ppc_exec,4,58500
after,12,ppc_exec,5,58500
after,12,ppc_exec_until,1,58666
after,12,ppc_exec_until,2,58500
after,12,ppc_exec_until,3,58541
after,12,ppc_exec_until,4,58625
after,12,ppc_exec_until,5,58583
after,13,ppc_exec,1,58666
after,13,ppc_exec,2,58625
after,13,ppc_exec,3,58625
after,13,ppc_exec,4,58625
after,13,ppc_exec,5,58625
after,13,ppc_exec_until,1,58458
after,13,ppc_exec_until,2,58458
after,13,ppc_exec_until,3,58458
after,13,ppc_exec_until,4,58458
after,13,ppc_exec_until,5,58541
before,13,ppc_exec,1,80208
before,13,ppc_exec,2,80375
before,13,ppc_exec,3,80292
before,13,ppc_exec,4,80292
before,13,ppc_exec,5,80167
before,13,ppc_exec_until,1,80291
before,13,ppc_exec_until,2,80291
before,13,ppc_exec_until,3,80334
before,13,ppc_exec_until,4,80416
before,13,ppc_exec_until,5,80375
before,14,ppc_exec,1,80209
before,14,ppc_exec,2,80250
before,14,ppc_exec,3,80291
before,14,ppc_exec,4,80084
before,14,ppc_exec,5,80000
before,14,ppc_exec_until,1,80208
before,14,ppc_exec_until,2,80417
before,14,ppc_exec_until,3,80292
before,14,ppc_exec_until,4,80458
before,14,ppc_exec_until,5,80416
after,14,ppc_exec,1,58584
after,14,ppc_exec,2,58458
after,14,ppc_exec,3,58458
after,14,ppc_exec,4,58458
after,14,ppc_exec,5,58500
after,14,ppc_exec_until,1,58500
after,14,ppc_exec_until,2,58416
after,14,ppc_exec_until,3,58458
after,14,ppc_exec_until,4,58458
after,14,ppc_exec_until,5,58666
after,15,ppc_exec,1,58666
after,15,ppc_exec,2,58500
after,15,ppc_exec,3,58500
after,15,ppc_exec,4,58458
after,15,ppc_exec,5,58458
after,15,ppc_exec_until,1,58625
after,15,ppc_exec_until,2,58542
after,15,ppc_exec_until,3,58458
after,15,ppc_exec_until,4,58500
after,15,ppc_exec_until,5,58500
before,15,ppc_exec,1,80208
before,15,ppc_exec,2,80042
before,15,ppc_exec,3,80083
before,15,ppc_exec,4,80125
before,15,ppc_exec,5,80041
before,15,ppc_exec_until,1,80125
before,15,ppc_exec_until,2,80083
before,15,ppc_exec_until,3,80125
before,15,ppc_exec_until,4,80125
before,15,ppc_exec_until,5,80167
before,16,ppc_exec,1,80000
before,16,ppc_exec,2,80041
before,16,ppc_exec,3,80000
before,16,ppc_exec,4,80041
before,16,ppc_exec,5,80041
before,16,ppc_exec_until,1,80125
before,16,ppc_exec_until,2,80042
before,16,ppc_exec_until,3,80250
before,16,ppc_exec_until,4,80375
before,16,ppc_exec_until,5,83666
after,16,ppc_exec,1,58667
after,16,ppc_exec,2,58583
after,16,ppc_exec,3,58541
after,16,ppc_exec,4,58542
after,16,ppc_exec,5,58541
after,16,ppc_exec_until,1,58542
after,16,ppc_exec_until,2,58583
after,16,ppc_exec_until,3,58583
after,16,ppc_exec_until,4,58625
after,16,ppc_exec_until,5,58666
after,17,ppc_exec,1,58500
after,17,ppc_exec,2,58666
after,17,ppc_exec,3,58666
after,17,ppc_exec,4,58709
after,17,ppc_exec,5,58667
after,17,ppc_exec_until,1,58458
after,17,ppc_exec_until,2,58458
after,17,ppc_exec_until,3,58458
after,17,ppc_exec_until,4,58625
after,17,ppc_exec_until,5,58542
before,17,ppc_exec,1,80041
before,17,ppc_exec,2,80000
before,17,ppc_exec,3,80000
before,17,ppc_exec,4,80041
before,17,ppc_exec,5,80083
before,17,ppc_exec_until,1,80291
before,17,ppc_exec_until,2,80125
before,17,ppc_exec_until,3,80125
before,17,ppc_exec_until,4,80083
before,17,ppc_exec_until,5,80167
before,18,ppc_exec,1,80375
before,18,ppc_exec,2,80291
before,18,ppc_exec,3,80375
before,18,ppc_exec,4,80250
before,18,ppc_exec,5,80333
before,18,ppc_exec_until,1,80167
before,18,ppc_exec_until,2,80125
before,18,ppc_exec_until,3,80167
before,18,ppc_exec_until,4,80166
before,18,ppc_exec_until,5,80208
after,18,ppc_exec,1,58708
after,18,ppc_exec,2,58584
after,18,ppc_exec,3,58625
after,18,ppc_exec,4,58666
after,18,ppc_exec,5,58709
after,18,ppc_exec_until,1,58667
after,18,ppc_exec_until,2,58625
after,18,ppc_exec_until,3,58583
after,18,ppc_exec_until,4,58583
after,18,ppc_exec_until,5,58583
after,19,ppc_exec,1,58458
after,19,ppc_exec,2,58500
after,19,ppc_exec,3,58458
after,19,ppc_exec,4,58500
after,19,ppc_exec,5,58500
after,19,ppc_exec_until,1,58459
after,19,ppc_exec_until,2,58458
after,19,ppc_exec_until,3,58500
after,19,ppc_exec_until,4,58500
after,19,ppc_exec_until,5,58500
before,19,ppc_exec,1,80125
before,19,ppc_exec,2,80125
before,19,ppc_exec,3,80125
before,19,ppc_exec,4,80042
before,19,ppc_exec,5,80250
before,19,ppc_exec_until,1,80417
before,19,ppc_exec_until,2,80375
before,19,ppc_exec_until,3,80292
before,19,ppc_exec_until,4,80416
before,19,ppc_exec_until,5,80458
before,20,ppc_exec,1,80208
before,20,ppc_exec,2,80125
before,20,ppc_exec,3,80125
before,20,ppc_exec,4,80042
before,20,ppc_exec,5,80083
before,20,ppc_exec_until,1,80125
before,20,ppc_exec_until,2,80084
before,20,ppc_exec_until,3,80166
before,20,ppc_exec_until,4,80167
before,20,ppc_exec_until,5,80166
after,20,ppc_exec,1,58625
after,20,ppc_exec,2,58625
after,20,ppc_exec,3,58584
after,20,ppc_exec,4,58792
after,20,ppc_exec,5,58584
after,20,ppc_exec_until,1,58583
after,20,ppc_exec_until,2,58583
after,20,ppc_exec_until,3,58542
after,20,ppc_exec_until,4,58542
after,20,ppc_exec_until,5,58542
after,21,ppc_exec,1,58583
after,21,ppc_exec,2,58500
after,21,ppc_exec,3,58625
after,21,ppc_exec,4,58625
after,21,ppc_exec,5,58583
after,21,ppc_exec_until,1,58625
after,21,ppc_exec_until,2,58666
after,21,ppc_exec_until,3,58500
after,21,ppc_exec_until,4,58458
after,21,ppc_exec_until,5,58458
before,21,ppc_exec,1,80292
before,21,ppc_exec,2,80333
before,21,ppc_exec,3,80375
before,21,ppc_exec,4,80459
before,21,ppc_exec,5,80125
before,21,ppc_exec_until,1,80125
before,21,ppc_exec_until,2,80042
before,21,ppc_exec_until,3,80084
before,21,ppc_exec_until,4,80083
before,21,ppc_exec_until,5,80166
before,22,ppc_exec,1,80125
before,22,ppc_exec,2,80125
before,22,ppc_exec,3,80125
before,22,ppc_exec,4,80167
before,22,ppc_exec,5,80125
before,22,ppc_exec_until,1,80208
before,22,ppc_exec_until,2,80208
before,22,ppc_exec_until,3,80292
before,22,ppc_exec_until,4,80250
before,22,ppc_exec_until,5,80209
after,22,ppc_exec,1,58625
after,22,ppc_exec,2,58666
after,22,ppc_exec,3,58625
after,22,ppc_exec,4,58625
after,22,ppc_exec,5,58667
after,22,ppc_exec_until,1,58541
after,22,ppc_exec_until,2,58542
after,22,ppc_exec_until,3,58541
after,22,ppc_exec_until,4,58625
after,22,ppc_exec_until,5,58625
after,23,ppc_exec,1,58666
after,23,ppc_exec,2,58500
after,23,ppc_exec,3,58500
after,23,ppc_exec,4,58417
after,23,ppc_exec,5,58375
after,23,ppc_exec_until,1,58500
after,23,ppc_exec_until,2,58583
after,23,ppc_exec_until,3,58542
after,23,ppc_exec_until,4,58583
after,23,ppc_exec_until,5,58500
before,23,ppc_exec,1,80166
before,23,ppc_exec,2,80166
before,23,ppc_exec,3,80167
before,23,ppc_exec,4,80125
before,23,ppc_exec,5,80166
before,23,ppc_exec_until,1,80291
before,23,ppc_exec_until,2,80291
before,23,ppc_exec_until,3,80291
before,23,ppc_exec_until,4,80250
before,23,ppc_exec_until,5,80292
before,24,ppc_exec,1,80125
before,24,ppc_exec,2,80208
before,24,ppc_exec,3,80208
before,24,ppc_exec,4,80208
before,24,ppc_exec,5,80208
before,24,ppc_exec_until,1,80292
before,24,ppc_exec_until,2,80291
before,24,ppc_exec_until,3,80291
before,24,ppc_exec_until,4,80250
before,24,ppc_exec_until,5,80250
after,24,ppc_exec,1,58458
after,24,ppc_exec,2,58458
after,24,ppc_exec,3,58458
after,24,ppc_exec,4,58500
after,24,ppc_exec,5,58500
after,24,ppc_exec_until,1,58375
after,24,ppc_exec_until,2,58375
after,24,ppc_exec_until,3,58375
after,24,ppc_exec_until,4,58416
after,24,ppc_exec_until,5,58375
after,25,ppc_exec,1,58458
after,25,ppc_exec,2,58542
after,25,ppc_exec,3,58458
after,25,ppc_exec,4,58458
after,25,ppc_exec,5,58458
after,25,ppc_exec_until,1,58500
after,25,ppc_exec_until,2,58667
after,25,ppc_exec_until,3,58500
after,25,ppc_exec_until,4,58458
after,25,ppc_exec_until,5,58458
before,25,ppc_exec,1,80375
before,25,ppc_exec,2,80125
before,25,ppc_exec,3,80125
before,25,ppc_exec,4,80125
before,25,ppc_exec,5,80083
before,25,ppc_exec_until,1,80625
before,25,ppc_exec_until,2,80583
before,25,ppc_exec_until,3,80708
before,25,ppc_exec_until,4,80667
before,25,ppc_exec_until,5,80750
before,26,ppc_exec,1,80291
before,26,ppc_exec,2,80208
before,26,ppc_exec,3,80292
before,26,ppc_exec,4,80250
before,26,ppc_exec,5,80042
before,26,ppc_exec_until,1,80291
before,26,ppc_exec_until,2,80292
before,26,ppc_exec_until,3,80333
before,26,ppc_exec_until,4,80375
before,26,ppc_exec_until,5,80375
after,26,ppc_exec,1,58625
after,26,ppc_exec,2,58583
after,26,ppc_exec,3,58625
after,26,ppc_exec,4,58625
after,26,ppc_exec,5,58583
after,26,ppc_exec_until,1,58541
after,26,ppc_exec_until,2,58583
after,26,ppc_exec_until,3,58583
after,26,ppc_exec_until,4,58542
after,26,ppc_exec_until,5,58625
after,27,ppc_exec,1,61500
after,27,ppc_exec,2,61084
after,27,ppc_exec,3,61000
after,27,ppc_exec,4,58458
after,27,ppc_exec,5,58500
after,27,ppc_exec_until,1,58458
after,27,ppc_exec_until,2,58500
after,27,ppc_exec_until,3,58458
after,27,ppc_exec_until,4,58458
after,27,ppc_exec_until,5,58417
before,27,ppc_exec,1,80041
before,27,ppc_exec,2,80208
before,27,ppc_exec,3,80291
before,27,ppc_exec,4,80250
before,27,ppc_exec,5,80291
before,27,ppc_exec_until,1,80292
before,27,ppc_exec_until,2,80416
before,27,ppc_exec_until,3,80416
before,27,ppc_exec_until,4,80500
before,27,ppc_exec_until,5,80250
before,28,ppc_exec,1,80208
before,28,ppc_exec,2,80125
before,28,ppc_exec,3,80125
before,28,ppc_exec,4,80042
before,28,ppc_exec,5,80041
before,28,ppc_exec_until,1,80375
before,28,ppc_exec_until,2,80375
before,28,ppc_exec_until,3,80416
before,28,ppc_exec_until,4,80500
before,28,ppc_exec_until,5,80458
after,28,ppc_exec,1,58542
after,28,ppc_exec,2,58541
after,28,ppc_exec,3,58542
after,28,ppc_exec,4,58541
after,28,ppc_exec,5,58583
after,28,ppc_exec_until,1,58541
after,28,ppc_exec_until,2,58541
after,28,ppc_exec_until,3,58666
after,28,ppc_exec_until,4,58541
after,28,ppc_exec_until,5,58500
after,29,ppc_exec,1,58500
after,29,ppc_exec,2,58458
after,29,ppc_exec,3,58666
after,29,ppc_exec,4,58667
after,29,ppc_exec,5,58541
after,29,ppc_exec_until,1,58666
after,29,ppc_exec_until,2,58625
after,29,ppc_exec_until,3,58417
after,29,ppc_exec_until,4,58458
after,29,ppc_exec_until,5,58666
before,29,ppc_exec,1,80208
before,29,ppc_exec,2,80125
before,29,ppc_exec,3,80166
before,29,ppc_exec,4,80125
before,29,ppc_exec,5,80083
before,29,ppc_exec_until,1,80541
before,29,ppc_exec_until,2,80542
before,29,ppc_exec_until,3,80625
before,29,ppc_exec_until,4,80500
before,29,ppc_exec_until,5,80458
