handler,pattern,v8_before_ns,v8_after_ns,v8_change_percent,jsc_before_ns,jsc_after_ns,jsc_change_percent
adde,random,4.7313416,1.9992957999999998,-57.74357531064762,6.470000000000001,3.3160000000000016,-48.748068006182365
adde,predictable,2.8067125,3.1228708000000003,11.264363557008416,2.801999999999988,3.192,13.918629550321683
addic,random,3.8160167,3.8429333000000003,0.7053585483522751,2.848000000000024,2.784,-2.247191011236782
addic,predictable,2.6491583,2.7016708,1.9822333757858246,2.660000000000024,2.587999999999952,-2.706766917295911
addc,random,3.6859667,1.9255082,-47.761107011628724,2.88,2.8120000000000003,-2.3611111111111027
addc,predictable,2.840375,2.8397333,-0.022592087312423015,2.726,2.656,-2.567865003668368
addme,random,3.85445,3.7439792,-2.866058711359598,3.886,3.626000000000048,-6.690684508490796
addme,predictable,3.6944749000000003,3.4250749999999996,-7.291967256294008,3.8360000000000003,3.5180000000000478,-8.28988529718333
addze,random,3.6562457999999998,3.6610375,0.13105519328049375,3.2900000000000476,3.304,0.42553191489216324
addze,predictable,3.1070999,3.1204375,0.429262026624877,3.1820000000000954,3.1759999999999047,-0.18856065368292318
subfic,random,3.8579708999999998,3.8029375,-1.4264856170895346,3.0520000000000955,2.838000000000095,-7.01179554390543
subfic,predictable,2.7890249999999996,2.7638917000000003,-0.9011500434739528,2.876,2.662000000000191,-7.4408901251672095
subfc,random,3.6475375,3.791925,3.958492544627723,2.868,2.8640000000000954,-0.13947001394367664
subfc,predictable,2.8101958,2.8633958,1.8931065230401556,2.7360000000000957,2.742,0.21929824561053302
subfe,random,3.9103542,3.8336417000000003,-1.9617788076588982,3.378,3.3260000000001906,-1.5393724097042538
subfe,predictable,3.4356459,3.1588292,-8.057195300598352,3.284,3.208000000000095,-2.3142509135171907
subfme,random,3.6176291,3.789425,4.7488533304865355,2.734000000000191,3.6199999999999046,32.40673006582486
subfme,predictable,2.705925,3.4154666000000002,26.221776287221555,2.5840000000000956,3.5,35.44891640866372
subfze,random,3.6603917,3.7044833,1.2045596103826828,3.0140000000000953,3.3160000000000953,10.019907100198754
subfze,predictable,2.8909834,3.1093418,7.553083839914132,2.9200000000000954,3.164,8.356164383558106
add,random,3.6069209,3.6238707999999997,0.46992713369455874,2.552,2.552,0
add,predictable,2.5838417,2.5295207,-2.102334674759676,2.413999999999809,2.4140000000001907,1.580957587066223e-11
subf,random,3.5982000000000003,3.6248291000000004,0.7400672558501409,2.5539999999998093,2.552,-0.0783085356229174
subf,predictable,2.5691499999999996,2.5372459,-1.2418153864118375,2.404,2.408,0.16638935108153063
