run,mode,batch,ns,mib_per_s
1,dolphin-cached,1,101083,309.1519
1,dolphin-cached,2,98542,317.1237
1,dolphin-cached,3,98208,318.2022
1,dolphin-cached,4,98125,318.4713
1,dolphin-cached,5,98083,318.6077
1,dingus-exec,1,80208,389.612
1,dingus-exec,2,80208,389.612
1,dingus-exec,3,80250,389.4081
1,dingus-exec,4,80333,389.0058
1,dingus-exec,5,80500,388.1988
1,dingus-exec-until,1,80250,389.4081
1,dingus-exec-until,2,80667,387.3951
1,dingus-exec-until,3,80583,387.7989
1,dingus-exec-until,4,80458,388.4014
1,dingus-exec-until,5,80417,388.5994
1,pearpc,1,71084,439.6207
1,pearpc,2,73125,427.3504
1,pearpc,3,73083,427.596
1,pearpc,4,73125,427.3504
1,pearpc,5,73083,427.596
1,dolphin-interpreter,1,320333,97.5547
1,dolphin-interpreter,2,329208,94.9248
1,dolphin-interpreter,3,328958,94.9969
1,dolphin-interpreter,4,319250,97.8857
1,dolphin-interpreter,5,320708,97.4407
2,dingus-exec,1,80416,388.6043
2,dingus-exec,2,80292,389.2044
2,dingus-exec,3,80333,389.0058
2,dingus-exec,4,80375,388.8025
2,dingus-exec,5,80416,388.6043
2,dingus-exec-until,1,80334,389.0009
2,dingus-exec-until,2,80416,388.6043
2,dingus-exec-until,3,82333,379.5562
2,dingus-exec-until,4,80541,388.0011
2,dingus-exec-until,5,80375,388.8025
2,pearpc,1,71208,438.8552
2,pearpc,2,73125,427.3504
2,pearpc,3,73083,427.596
2,pearpc,4,73125,427.3504
2,pearpc,5,73083,427.596
2,dolphin-interpreter,1,321291,97.2639
2,dolphin-interpreter,2,329875,94.7329
2,dolphin-interpreter,3,321417,97.2257
2,dolphin-interpreter,4,321959,97.062
2,dolphin-interpreter,5,321250,97.2763
2,dolphin-cached,1,98125,318.4713
2,dolphin-cached,2,98250,318.0662
2,dolphin-cached,3,98333,317.7977
2,dolphin-cached,4,98291,317.9335
2,dolphin-cached,5,98083,318.6077
3,pearpc,1,71125,439.3673
3,pearpc,2,73083,427.596
3,pearpc,3,73084,427.5902
3,pearpc,4,73083,427.596
3,pearpc,5,73083,427.596
3,dolphin-interpreter,1,320083,97.6309
3,dolphin-interpreter,2,319250,97.8857
3,dolphin-interpreter,3,319959,97.6688
3,dolphin-interpreter,4,328958,94.9969
3,dolphin-interpreter,5,329084,94.9606
3,dolphin-cached,1,99417,314.3326
3,dolphin-cached,2,99625,313.6763
3,dolphin-cached,3,98541,317.1269
3,dolphin-cached,4,99459,314.1998
3,dolphin-cached,5,99500,314.0704
3,dingus-exec,1,80334,389.0009
3,dingus-exec,2,80250,389.4081
3,dingus-exec,3,80416,388.6043
3,dingus-exec,4,80333,389.0058
3,dingus-exec,5,80417,388.5994
3,dingus-exec-until,1,80250,389.4081
3,dingus-exec-until,2,80666,387.3999
3,dingus-exec-until,3,82833,377.2651
3,dingus-exec-until,4,82625,378.2148
3,dingus-exec-until,5,82666,378.0272
4,dolphin-interpreter,1,319834,97.7069
4,dolphin-interpreter,2,319792,97.7198
4,dolphin-interpreter,3,320750,97.4279
4,dolphin-interpreter,4,320708,97.4407
4,dolphin-interpreter,5,319584,97.7834
4,dolphin-cached,1,98334,317.7945
4,dolphin-cached,2,98292,317.9302
4,dolphin-cached,3,98125,318.4713
4,dolphin-cached,4,98042,318.7409
4,dolphin-cached,5,98250,318.0662
4,dingus-exec,1,80458,388.4014
4,dingus-exec,2,80417,388.5994
4,dingus-exec,3,80458,388.4014
4,dingus-exec,4,80375,388.8025
4,dingus-exec,5,80541,388.0011
4,dingus-exec-until,1,80292,389.2044
4,dingus-exec-until,2,80250,389.4081
4,dingus-exec-until,3,80292,389.2044
4,dingus-exec-until,4,80250,389.4081
4,dingus-exec-until,5,80333,389.0058
4,pearpc,1,71166,439.1142
4,pearpc,2,71208,438.8552
4,pearpc,3,73583,424.6905
4,pearpc,4,71208,438.8552
4,pearpc,5,71208,438.8552
5,dolphin-cached,1,106125,294.4641
5,dolphin-cached,2,105625,295.858
5,dolphin-cached,3,98500,317.2589
5,dolphin-cached,4,104000,300.4808
5,dolphin-cached,5,98458,317.3942
5,dingus-exec,1,80292,389.2044
5,dingus-exec,2,80333,389.0058
5,dingus-exec,3,80250,389.4081
5,dingus-exec,4,80375,388.8025
5,dingus-exec,5,80375,388.8025
5,dingus-exec-until,1,80333,389.0058
5,dingus-exec-until,2,82500,378.7879
5,dingus-exec-until,3,82541,378.5997
5,dingus-exec-until,4,82375,379.3627
5,dingus-exec-until,5,82458,378.9808
5,pearpc,1,71083,439.6269
5,pearpc,2,73083,427.596
5,pearpc,3,73083,427.596
5,pearpc,4,73084,427.5902
5,pearpc,5,73084,427.5902
5,dolphin-interpreter,1,320375,97.5419
5,dolphin-interpreter,2,328708,95.0692
5,dolphin-interpreter,3,328916,95.0091
5,dolphin-interpreter,4,328166,95.2262
5,dolphin-interpreter,5,328416,95.1537
6,dingus-exec,1,80209,389.6072
6,dingus-exec,2,80209,389.6072
6,dingus-exec,3,80333,389.0058
6,dingus-exec,4,82583,378.4072
6,dingus-exec,5,82458,378.9808
6,dingus-exec-until,1,82666,378.0272
6,dingus-exec-until,2,82500,378.7879
6,dingus-exec-until,3,82500,378.7879
6,dingus-exec-until,4,82500,378.7879
6,dingus-exec-until,5,82500,378.7879
6,pearpc,1,71292,438.3381
6,pearpc,2,73083,427.596
6,pearpc,3,73125,427.3504
6,pearpc,4,73084,427.5902
6,pearpc,5,73084,427.5902
6,dolphin-interpreter,1,320875,97.3899
6,dolphin-interpreter,2,320667,97.4531
6,dolphin-interpreter,3,329541,94.8289
6,dolphin-interpreter,4,329375,94.8767
6,dolphin-interpreter,5,329125,94.9487
6,dolphin-cached,1,98333,317.7977
6,dolphin-cached,2,98334,317.7945
6,dolphin-cached,3,98042,318.7409
6,dolphin-cached,4,97833,319.4219
6,dolphin-cached,5,100750,310.1737
7,pearpc,1,71125,439.3673
7,pearpc,2,71125,439.3673
7,pearpc,3,71125,439.3673
7,pearpc,4,73083,427.596
7,pearpc,5,73083,427.596
7,dolphin-interpreter,1,319833,97.7072
7,dolphin-interpreter,2,329208,94.9248
7,dolphin-interpreter,3,329208,94.9248
7,dolphin-interpreter,4,320375,97.5419
7,dolphin-interpreter,5,320417,97.5292
7,dolphin-cached,1,98500,317.2589
7,dolphin-cached,2,98375,317.662
7,dolphin-cached,3,98583,316.9918
7,dolphin-cached,4,101209,308.767
7,dolphin-cached,5,101125,309.0235
7,dingus-exec,1,80291,389.2093
7,dingus-exec,2,80291,389.2093
7,dingus-exec,3,82584,378.4026
7,dingus-exec,4,82542,378.5951
7,dingus-exec,5,82708,377.8353
7,dingus-exec-until,1,82417,379.1693
7,dingus-exec-until,2,82458,378.9808
7,dingus-exec-until,3,82500,378.7879
7,dingus-exec-until,4,82416,379.1739
7,dingus-exec-until,5,82458,378.9808
8,dolphin-interpreter,1,321166,97.3017
8,dolphin-interpreter,2,320875,97.3899
8,dolphin-interpreter,3,320791,97.4155
8,dolphin-interpreter,4,329666,94.7929
8,dolphin-interpreter,5,329834,94.7446
8,dolphin-cached,1,98042,318.7409
8,dolphin-cached,2,98167,318.3351
8,dolphin-cached,3,100833,309.9184
8,dolphin-cached,4,98250,318.0662
8,dolphin-cached,5,98500,317.2589
8,dingus-exec,1,80333,389.0058
8,dingus-exec,2,80250,389.4081
8,dingus-exec,3,80416,388.6043
8,dingus-exec,4,80458,388.4014
8,dingus-exec,5,80333,389.0058
8,dingus-exec-until,1,80250,389.4081
8,dingus-exec-until,2,80125,390.0156
8,dingus-exec-until,3,80208,389.612
8,dingus-exec-until,4,80250,389.4081
8,dingus-exec-until,5,80167,389.8113
8,pearpc,1,71125,439.3673
8,pearpc,2,71167,439.108
8,pearpc,3,71166,439.1142
8,pearpc,4,71167,439.108
8,pearpc,5,71208,438.8552
9,dolphin-cached,1,102875,303.7667
9,dolphin-cached,2,98292,317.9302
9,dolphin-cached,3,98542,317.1237
9,dolphin-cached,4,98375,317.662
9,dolphin-cached,5,98125,318.4713
9,dingus-exec,1,80333,389.0058
9,dingus-exec,2,80500,388.1988
9,dingus-exec,3,80708,387.1983
9,dingus-exec,4,82750,377.6435
9,dingus-exec,5,82875,377.0739
9,dingus-exec-until,1,82458,378.9808
9,dingus-exec-until,2,82416,379.1739
9,dingus-exec-until,3,82375,379.3627
9,dingus-exec-until,4,82292,379.7453
9,dingus-exec-until,5,82292,379.7453
9,pearpc,1,71083,439.6269
9,pearpc,2,71083,439.6269
9,pearpc,3,73083,427.596
9,pearpc,4,73083,427.596
9,pearpc,5,71125,439.3673
9,dolphin-interpreter,1,319500,97.8091
9,dolphin-interpreter,2,328333,95.1778
9,dolphin-interpreter,3,328542,95.1172
9,dolphin-interpreter,4,328250,95.2018
9,dolphin-interpreter,5,328125,95.2381
10,dingus-exec,1,80458,388.4014
10,dingus-exec,2,82666,378.0272
10,dingus-exec,3,82750,377.6435
10,dingus-exec,4,82541,378.5997
10,dingus-exec,5,82625,378.2148
10,dingus-exec-until,1,82583,378.4072
10,dingus-exec-until,2,82541,378.5997
10,dingus-exec-until,3,82458,378.9808
10,dingus-exec-until,4,82417,379.1693
10,dingus-exec-until,5,82458,378.9808
10,pearpc,1,71125,439.3673
10,pearpc,2,71083,439.6269
10,pearpc,3,73084,427.5902
10,pearpc,4,73041,427.8419
10,pearpc,5,73125,427.3504
10,dolphin-interpreter,1,321042,97.3393
10,dolphin-interpreter,2,329792,94.7567
10,dolphin-interpreter,3,328833,95.033
10,dolphin-interpreter,4,329291,94.9009
10,dolphin-interpreter,5,329125,94.9487
10,dolphin-cached,1,98250,318.0662
10,dolphin-cached,2,98125,318.4713
10,dolphin-cached,3,98083,318.6077
10,dolphin-cached,4,98292,317.9302
10,dolphin-cached,5,100875,309.7893
