run,variant,batch,interpreter_ns,jit_ns,jit_time_ratio
1,default,1,155667,155417,0.9983940077216109
1,default,2,155167,155083,0.9994586477794892
1,default,3,155291,155125,0.9989310391458617
1,default,4,155291,155084,0.9986670186939359
1,default,5,155042,154959,0.9994646611885811
1,relaxed-selfloop,1,146666,254333,1.7340965186205393
1,relaxed-selfloop,2,146166,254000,1.7377502291914673
1,relaxed-selfloop,3,146666,254125,1.7326783303560471
1,relaxed-selfloop,4,146666,254042,1.7321124186928123
1,relaxed-selfloop,5,146584,254083,1.7333610762429734
2,relaxed-selfloop,1,182541,254959,1.3967218323554709
2,relaxed-selfloop,2,183000,255084,1.3939016393442623
2,relaxed-selfloop,3,182750,255042,1.3955786593707251
2,relaxed-selfloop,4,182417,255500,1.4006370020338017
2,relaxed-selfloop,5,182958,255583,1.3969490265525422
2,default,1,171417,171916,1.0029110298278467
2,default,2,171375,171916,1.003156819839533
2,default,3,171250,171792,1.0031649635036497
2,default,4,171250,171750,1.0029197080291972
2,default,5,171500,172084,1.003405247813411
3,default,1,151875,152167,1.001922633744856
3,default,2,151875,152125,1.0016460905349793
3,default,3,152000,152250,1.0016447368421053
3,default,4,151709,152084,1.0024718375310628
3,default,5,151500,152125,1.0041254125412542
3,relaxed-selfloop,1,151459,223167,1.4734482599251282
3,relaxed-selfloop,2,152416,223500,1.4663814822590804
3,relaxed-selfloop,3,152250,223166,1.4657865353037767
3,relaxed-selfloop,4,152125,223334,1.4680953163516846
3,relaxed-selfloop,5,152083,223291,1.4682180125326303
4,relaxed-selfloop,1,139958,248917,1.7785121250660914
4,relaxed-selfloop,2,140083,248833,1.776325464189088
4,relaxed-selfloop,3,140084,249083,1.7780974272579309
4,relaxed-selfloop,4,140125,249000,1.7769848349687778
4,relaxed-selfloop,5,140250,248875,1.7745098039215685
4,default,1,140000,140250,1.0017857142857143
4,default,2,140250,140541,1.0020748663101604
4,default,3,139917,140209,1.0020869515498474
4,default,4,140458,140625,1.0011889675205399
4,default,5,139958,140291,1.0023792852141358
5,default,1,139875,140041,1.0011867739052727
5,default,2,139792,139958,1.0011874785395445
5,default,3,139958,140250,1.0020863401877707
5,default,4,140041,140167,1.0008997365057377
5,default,5,140167,140000,0.9988085640700022
5,relaxed-selfloop,1,139916,231875,1.6572443466079647
5,relaxed-selfloop,2,140084,231833,1.6549570257845292
5,relaxed-selfloop,3,139791,232041,1.6599137283516106
5,relaxed-selfloop,4,139916,231709,1.6560579204665657
5,relaxed-selfloop,5,139917,231750,1.6563391153326614
6,relaxed-selfloop,1,180292,259125,1.4372517915381715
6,relaxed-selfloop,2,180250,259166,1.4378141470180306
6,relaxed-selfloop,3,180125,258500,1.4351145038167938
6,relaxed-selfloop,4,180042,259250,1.4399417913597938
6,relaxed-selfloop,5,179958,258667,1.4373742762200068
6,default,1,183083,183000,0.9995466537035115
6,default,2,183125,183417,1.0015945392491468
6,default,3,183292,183583,1.001587630665823
6,default,4,183500,183667,1.0009100817438692
6,default,5,183084,183375,1.0015894343579996
7,default,1,150416,150708,1.001941282842251
7,default,2,151000,151416,1.0027549668874172
7,default,3,149917,150209,1.0019477444185783
7,default,4,152292,156541,1.0279003493289207
7,default,5,150875,151167,1.0019353769676884
7,relaxed-selfloop,1,149167,230625,1.5460859305342334
7,relaxed-selfloop,2,148625,230500,1.550883095037847
7,relaxed-selfloop,3,148333,230500,1.5539360762608456
7,relaxed-selfloop,4,148208,230583,1.555806704091547
7,relaxed-selfloop,5,148875,230375,1.547439126784215
8,relaxed-selfloop,1,139667,225500,1.6145546192013862
8,relaxed-selfloop,2,139708,225625,1.6149755203710596
8,relaxed-selfloop,3,143750,231500,1.6104347826086955
8,relaxed-selfloop,4,139625,225375,1.6141450313339303
8,relaxed-selfloop,5,139625,225750,1.6168307967770814
8,default,1,143916,143750,0.9988465493760249
8,default,2,140500,140334,0.9988185053380783
8,default,3,140292,140208,0.9994012488238816
8,default,4,140459,140375,0.9994019607145146
8,default,5,140542,140333,0.9985129000583456
9,default,1,140083,140333,1.0017846562395152
9,default,2,139792,140000,1.0014879249170197
9,default,3,139875,140083,1.0014870420017874
9,default,4,140125,140542,1.0029759143621766
9,default,5,140083,140291,1.0014848339912765
9,relaxed-selfloop,1,142041,252792,1.7797114917523813
9,relaxed-selfloop,2,142041,252917,1.7805915193500468
9,relaxed-selfloop,3,142250,252834,1.7773919156414764
9,relaxed-selfloop,4,142291,252958,1.7777512281170278
9,relaxed-selfloop,5,142291,252958,1.7777512281170278
10,relaxed-selfloop,1,163125,237584,1.4564536398467434
10,relaxed-selfloop,2,163041,237333,1.4556645261007968
10,relaxed-selfloop,3,162833,237416,1.4580336909594493
10,relaxed-selfloop,4,162875,237459,1.4579217191097467
10,relaxed-selfloop,5,162917,236291,1.4503765721195456
10,default,1,158542,158500,0.9997350859709099
10,default,2,158375,158375,1.0
10,default,3,158209,158416,1.0013083958561144
10,default,4,158417,158417,1.0
10,default,5,161916,158250,0.9773586304009486
11,default,1,171292,171750,1.0026737967914439
11,default,2,171875,171834,0.9997614545454545
11,default,3,170834,171250,1.0024351124483417
11,default,4,171208,171584,1.002196159057988
11,default,5,171458,171625,1.0009739994634255
11,relaxed-selfloop,1,142458,230250,1.616265846775892
11,relaxed-selfloop,2,142291,230500,1.6199197419372975
11,relaxed-selfloop,3,142084,230291,1.6208088173193322
11,relaxed-selfloop,4,142334,230542,1.6197254345412901
11,relaxed-selfloop,5,142166,230458,1.6210486332878467
12,relaxed-selfloop,1,171291,228792,1.335691892743927
12,relaxed-selfloop,2,171459,229000,1.3355962649962965
12,relaxed-selfloop,3,172041,228916,1.3305898012683024
12,relaxed-selfloop,4,171708,229333,1.3355988072774712
12,relaxed-selfloop,5,171917,228916,1.3315495268065403
12,default,1,177916,178083,1.0009386452033544
12,default,2,177708,178083,1.0021102032547775
12,default,3,177250,177416,1.0009365303244007
12,default,4,178208,178417,1.001172786855809
12,default,5,177708,177667,0.9997692844441444
13,default,1,183208,183334,1.0006877428933234
13,default,2,183333,183459,1.0006872739768617
13,default,3,183208,183375,1.0009115322475002
13,default,4,183084,183250,1.0009066876406458
13,default,5,183250,183125,0.9993178717598908
13,relaxed-selfloop,1,187334,240042,1.281358429329433
13,relaxed-selfloop,2,187291,239583,1.2792018836996972
13,relaxed-selfloop,3,187250,239292,1.2779279038718292
13,relaxed-selfloop,4,187417,239375,1.2772320547228906
13,relaxed-selfloop,5,186958,239166,1.2792498850009093
14,relaxed-selfloop,1,142292,226583,1.5923804570882412
14,relaxed-selfloop,2,141875,226791,1.598526872246696
14,relaxed-selfloop,3,142042,226625,1.5954788020444657
14,relaxed-selfloop,4,142125,226750,1.5954265611257696
14,relaxed-selfloop,5,142000,226875,1.5977112676056338
14,default,1,141250,141542,1.0020672566371682
14,default,2,140083,140250,1.0011921503679961
14,default,3,140125,140250,1.0008920606601248
14,default,4,139917,140125,1.001486595624549
14,default,5,143750,143958,1.0014469565217392
15,default,1,148000,148042,1.0002837837837837
15,default,2,147750,147834,1.0005685279187817
15,default,3,147750,148042,1.0019763113367175
15,default,4,147917,148167,1.001690137036311
15,default,5,148083,148250,1.001127745926271
15,relaxed-selfloop,1,182625,235375,1.2888432580424367
15,relaxed-selfloop,2,182625,235250,1.2881587953456537
15,relaxed-selfloop,3,182917,235292,1.2863320522422739
15,relaxed-selfloop,4,183042,235542,1.2868194184941162
15,relaxed-selfloop,5,182792,236000,1.291084949013086
16,relaxed-selfloop,1,177583,240417,1.353828913803686
16,relaxed-selfloop,2,178083,240458,1.350258025752037
16,relaxed-selfloop,3,178250,240042,1.3466591865357644
16,relaxed-selfloop,4,178000,240875,1.3532303370786516
16,relaxed-selfloop,5,177792,240709,1.3538798146148308
16,default,1,183750,184042,1.0015891156462584
16,default,2,183666,183583,0.9995480927335489
16,default,3,183083,183333,1.0013655008930376
16,default,4,183084,183541,1.0024961219986455
16,default,5,183291,183083,0.9988651925080883
17,default,1,152125,152792,1.0043845521774857
17,default,2,154833,155125,1.0018859028760019
17,default,3,151125,151333,1.0013763440860215
17,default,4,150458,150583,1.0008307966342767
17,default,5,150416,150541,1.0008310286139772
17,relaxed-selfloop,1,166542,290750,1.7458058627853634
17,relaxed-selfloop,2,166958,290750,1.7414559350255754
17,relaxed-selfloop,3,166833,290791,1.7430064795334257
17,relaxed-selfloop,4,167458,290917,1.7372535202856836
17,relaxed-selfloop,5,166709,290791,1.7443029470514488
18,relaxed-selfloop,1,145833,236792,1.6237202827892179
18,relaxed-selfloop,2,147667,239458,1.6216080776341362
18,relaxed-selfloop,3,146166,236875,1.6205889194477512
18,relaxed-selfloop,4,146250,236625,1.617948717948718
18,relaxed-selfloop,5,145500,236625,1.6262886597938144
18,default,1,139833,140125,1.002088205216222
18,default,2,140625,140750,1.000888888888889
18,default,3,139833,140292,1.003282486966596
18,default,4,139916,140125,1.001493753394894
18,default,5,140041,140375,1.0023850158167964
19,default,1,163958,164083,1.000762390368265
19,default,2,163791,164042,1.0015324407323967
19,default,3,163583,163958,1.0022924142484244
19,default,4,163459,163583,1.000758600015906
19,default,5,163500,163875,1.0022935779816513
19,relaxed-selfloop,1,184417,273916,1.4853077536235813
19,relaxed-selfloop,2,184208,273625,1.485413228524277
19,relaxed-selfloop,3,184333,273250,1.4823715775254567
19,relaxed-selfloop,4,184084,271541,1.47509289237522
19,relaxed-selfloop,5,183916,271334,1.4753148176341373
20,relaxed-selfloop,1,188500,246333,1.3068063660477454
20,relaxed-selfloop,2,188250,246583,1.3098698539176628
20,relaxed-selfloop,3,187958,246584,1.3119101075772246
20,relaxed-selfloop,4,188500,246333,1.3068063660477454
20,relaxed-selfloop,5,190625,250000,1.3114754098360655
20,default,1,183750,184125,1.0020408163265306
20,default,2,183708,183958,1.0013608552703204
20,default,3,183583,183917,1.00181934057075
20,default,4,183625,184125,1.002722940776038
20,default,5,183500,183708,1.001133514986376
21,default,1,157667,158292,1.0039640508159602
21,default,2,157541,158291,1.0047606654775583
21,default,3,157542,158000,1.0029071612649325
21,default,4,157625,158209,1.003704996034893
21,default,5,157417,158000,1.0037035390078581
21,relaxed-selfloop,1,139917,224042,1.601249312092169
21,relaxed-selfloop,2,140083,223834,1.5978669788625315
21,relaxed-selfloop,3,139958,224833,1.6064319295788736
21,relaxed-selfloop,4,139958,223667,1.5981008588290773
21,relaxed-selfloop,5,139750,223959,1.6025688729874776
22,relaxed-selfloop,1,150750,262292,1.7399137645107794
22,relaxed-selfloop,2,146875,260667,1.7747540425531916
22,relaxed-selfloop,3,146375,260625,1.780529461998292
22,relaxed-selfloop,4,146750,260583,1.7756933560477002
22,relaxed-selfloop,5,146125,260583,1.7832882805816939
22,default,1,145250,145583,1.0022925989672977
22,default,2,148333,148666,1.0022449488650536
22,default,3,148417,148750,1.0022436782848325
22,default,4,145125,145583,1.0031559000861325
22,default,5,145959,146334,1.002569214642468
23,default,1,183292,183417,1.000681971935491
23,default,2,188000,188292,1.0015531914893616
23,default,3,183459,183166,0.9984029129124219
23,default,4,188333,187917,0.9977911465330027
23,default,5,183666,184042,1.002047194363682
23,relaxed-selfloop,1,159542,227208,1.4241265622845396
23,relaxed-selfloop,2,159625,227208,1.4233860610806577
23,relaxed-selfloop,3,159875,227792,1.4248131352619233
23,relaxed-selfloop,4,159500,227250,1.4247648902821317
23,relaxed-selfloop,5,159542,227083,1.4233430695365483
24,relaxed-selfloop,1,160167,247208,1.5434390355066898
24,relaxed-selfloop,2,159542,251041,1.5735104235875192
24,relaxed-selfloop,3,159750,244625,1.5312989045383412
24,relaxed-selfloop,4,159542,245208,1.5369495179952615
24,relaxed-selfloop,5,159416,243625,1.5282343052140313
24,default,1,177291,177792,1.0028258625649356
24,default,2,177416,177708,1.0016458493033322
24,default,3,177792,178042,1.0014061375089993
24,default,4,177625,177959,1.0018803659394793
24,default,5,177208,177542,1.0018847907543678
25,default,1,143292,140083,0.9776051698629372
25,default,2,140167,140375,1.0014839441523327
25,default,3,140750,140667,0.9994103019538189
25,default,4,140375,140541,1.0011825467497775
25,default,5,140167,140417,1.0017835867215537
25,relaxed-selfloop,1,179834,273875,1.522932259750659
25,relaxed-selfloop,2,179917,273666,1.5210680480443761
25,relaxed-selfloop,3,179667,273417,1.5217986608559169
25,relaxed-selfloop,4,179625,273208,1.520990953375087
25,relaxed-selfloop,5,179750,273750,1.5229485396383866
26,relaxed-selfloop,1,150042,255250,1.701190333373322
26,relaxed-selfloop,2,150208,255250,1.6993102897315722
26,relaxed-selfloop,3,150625,255500,1.696265560165975
26,relaxed-selfloop,4,150875,257208,1.7047754763877383
26,relaxed-selfloop,5,150458,255250,1.696486727192971
26,default,1,169458,169709,1.0014811929799714
26,default,2,169125,169625,1.0029563932002956
26,default,3,173500,174000,1.0028818443804035
26,default,4,168708,169333,1.0037046257438889
26,default,5,169208,169541,1.0019679920571132
27,default,1,144875,143125,0.9879206212251941
27,default,2,141750,141834,1.0005925925925927
27,default,3,141875,142125,1.001762114537445
27,default,4,141959,142167,1.0014652117865017
27,default,5,145541,145791,1.001717729024811
27,relaxed-selfloop,1,154958,301959,1.9486506020986332
27,relaxed-selfloop,2,150458,298375,1.9831115660184238
27,relaxed-selfloop,3,150417,298083,1.9817108438540856
27,relaxed-selfloop,4,149917,298208,1.989153998545862
27,relaxed-selfloop,5,150542,298625,1.9836656879807628
28,relaxed-selfloop,1,139958,221083,1.579638177167436
28,relaxed-selfloop,2,139875,221041,1.5802752457551386
28,relaxed-selfloop,3,140083,221042,1.5779359379796263
28,relaxed-selfloop,4,140167,221084,1.5772899469918027
28,relaxed-selfloop,5,139833,221042,1.5807570459047577
28,default,1,152000,152042,1.0002763157894736
28,default,2,151584,151959,1.0024738758708043
28,default,3,153125,153250,1.0008163265306123
28,default,4,151708,156625,1.0324109473462177
28,default,5,151500,151791,1.001920792079208
29,default,1,172375,172708,1.0019318346627992
29,default,2,172291,172792,1.002907870985716
29,default,3,168334,168500,1.0009861347083775
29,default,4,168125,168542,1.0024802973977696
29,default,5,173000,173375,1.0021676300578035
29,relaxed-selfloop,1,157417,224292,1.4248270517161425
29,relaxed-selfloop,2,157666,224208,1.4220440678396102
29,relaxed-selfloop,3,157667,223875,1.419923002276951
29,relaxed-selfloop,4,157625,224208,1.4224139571768437
29,relaxed-selfloop,5,162208,224167,1.3819725290984415
30,relaxed-selfloop,1,140334,242042,1.7247566519874016
30,relaxed-selfloop,2,140375,242333,1.726325912733749
30,relaxed-selfloop,3,139917,241625,1.7269166720269875
30,relaxed-selfloop,4,140084,241875,1.726642585877045
30,relaxed-selfloop,5,140000,241666,1.7261857142857142
30,default,1,147083,147334,1.0017065194482027
30,default,2,147208,147334,1.00085593174284
30,default,3,147542,147791,1.0016876550405986
30,default,4,146917,147375,1.003117406426758
30,default,5,147041,147375,1.0022714753028068
